{"assets/images/Rentswale%20Logo.jpg":["assets/images/Rentswale%20Logo.jpg"],"assets/images/baner_one.jpeg":["assets/images/baner_one.jpeg"],"assets/images/baner_three.png":["assets/images/baner_three.png"],"assets/images/baner_two.png":["assets/images/baner_two.png"],"assets/images/book.png":["assets/images/book.png"],"assets/images/costume.png":["assets/images/costume.png"],"assets/images/electronics.png":["assets/images/electronics.png"],"assets/images/events.png":["assets/images/events.png"],"assets/images/furniture.png":["assets/images/furniture.png"],"assets/images/home.png":["assets/images/home.png"],"assets/images/me.png":["assets/images/me.png"],"assets/images/rentswale%20icon.jpeg":["assets/images/rentswale%20icon.jpeg"],"assets/images/rentswale_baner.jpeg":["assets/images/rentswale_baner.jpeg"],"assets/images/rentswalebaner.png":["assets/images/rentswalebaner.png"],"assets/images/service.png":["assets/images/service.png"],"assets/images/vehicle.png":["assets/images/vehicle.png"],"assets/lotties/loader.json":["assets/lotties/loader.json"],"assets/payment_configuration.json":["assets/payment_configuration.json"],"packages/cupertino_icons/assets/CupertinoIcons.ttf":["packages/cupertino_icons/assets/CupertinoIcons.ttf"],"packages/fluttertoast/assets/toastify.css":["packages/fluttertoast/assets/toastify.css"],"packages/fluttertoast/assets/toastify.js":["packages/fluttertoast/assets/toastify.js"],"packages/pay_android/assets/ar/book_with_dark.svg":["packages/pay_android/assets/ar/book_with_dark.svg"],"packages/pay_android/assets/ar/book_with_light.svg":["packages/pay_android/assets/ar/book_with_light.svg"],"packages/pay_android/assets/ar/checkout_with_dark.svg":["packages/pay_android/assets/ar/checkout_with_dark.svg"],"packages/pay_android/assets/ar/checkout_with_light.svg":["packages/pay_android/assets/ar/checkout_with_light.svg"],"packages/pay_android/assets/ar/donate_with_dark.svg":["packages/pay_android/assets/ar/donate_with_dark.svg"],"packages/pay_android/assets/ar/donate_with_light.svg":["packages/pay_android/assets/ar/donate_with_light.svg"],"packages/pay_android/assets/ar/order_with_dark.svg":["packages/pay_android/assets/ar/order_with_dark.svg"],"packages/pay_android/assets/ar/order_with_light.svg":["packages/pay_android/assets/ar/order_with_light.svg"],"packages/pay_android/assets/ar/pay_with_dark.svg":["packages/pay_android/assets/ar/pay_with_dark.svg"],"packages/pay_android/assets/ar/pay_with_light.svg":["packages/pay_android/assets/ar/pay_with_light.svg"],"packages/pay_android/assets/ar/subscribe_with_dark.svg":["packages/pay_android/assets/ar/subscribe_with_dark.svg"],"packages/pay_android/assets/ar/subscribe_with_light.svg":["packages/pay_android/assets/ar/subscribe_with_light.svg"],"packages/pay_android/assets/ar/view_in_dark.svg":["packages/pay_android/assets/ar/view_in_dark.svg"],"packages/pay_android/assets/ar/view_in_light.svg":["packages/pay_android/assets/ar/view_in_light.svg"],"packages/pay_android/assets/bg/book_with_dark.svg":["packages/pay_android/assets/bg/book_with_dark.svg"],"packages/pay_android/assets/bg/book_with_light.svg":["packages/pay_android/assets/bg/book_with_light.svg"],"packages/pay_android/assets/bg/checkout_with_dark.svg":["packages/pay_android/assets/bg/checkout_with_dark.svg"],"packages/pay_android/assets/bg/checkout_with_light.svg":["packages/pay_android/assets/bg/checkout_with_light.svg"],"packages/pay_android/assets/bg/donate_with_dark.svg":["packages/pay_android/assets/bg/donate_with_dark.svg"],"packages/pay_android/assets/bg/donate_with_light.svg":["packages/pay_android/assets/bg/donate_with_light.svg"],"packages/pay_android/assets/bg/order_with_dark.svg":["packages/pay_android/assets/bg/order_with_dark.svg"],"packages/pay_android/assets/bg/order_with_light.svg":["packages/pay_android/assets/bg/order_with_light.svg"],"packages/pay_android/assets/bg/pay_with_dark.svg":["packages/pay_android/assets/bg/pay_with_dark.svg"],"packages/pay_android/assets/bg/pay_with_light.svg":["packages/pay_android/assets/bg/pay_with_light.svg"],"packages/pay_android/assets/bg/subscribe_with_dark.svg":["packages/pay_android/assets/bg/subscribe_with_dark.svg"],"packages/pay_android/assets/bg/subscribe_with_light.svg":["packages/pay_android/assets/bg/subscribe_with_light.svg"],"packages/pay_android/assets/bg/view_in_dark.svg":["packages/pay_android/assets/bg/view_in_dark.svg"],"packages/pay_android/assets/bg/view_in_light.svg":["packages/pay_android/assets/bg/view_in_light.svg"],"packages/pay_android/assets/buy_with_dark.svg":["packages/pay_android/assets/buy_with_dark.svg"],"packages/pay_android/assets/buy_with_light.svg":["packages/pay_android/assets/buy_with_light.svg"],"packages/pay_android/assets/ca/book_with_dark.svg":["packages/pay_android/assets/ca/book_with_dark.svg"],"packages/pay_android/assets/ca/book_with_light.svg":["packages/pay_android/assets/ca/book_with_light.svg"],"packages/pay_android/assets/ca/checkout_with_dark.svg":["packages/pay_android/assets/ca/checkout_with_dark.svg"],"packages/pay_android/assets/ca/checkout_with_light.svg":["packages/pay_android/assets/ca/checkout_with_light.svg"],"packages/pay_android/assets/ca/donate_with_dark.svg":["packages/pay_android/assets/ca/donate_with_dark.svg"],"packages/pay_android/assets/ca/donate_with_light.svg":["packages/pay_android/assets/ca/donate_with_light.svg"],"packages/pay_android/assets/ca/order_with_dark.svg":["packages/pay_android/assets/ca/order_with_dark.svg"],"packages/pay_android/assets/ca/order_with_light.svg":["packages/pay_android/assets/ca/order_with_light.svg"],"packages/pay_android/assets/ca/pay_with_dark.svg":["packages/pay_android/assets/ca/pay_with_dark.svg"],"packages/pay_android/assets/ca/pay_with_light.svg":["packages/pay_android/assets/ca/pay_with_light.svg"],"packages/pay_android/assets/ca/subscribe_with_dark.svg":["packages/pay_android/assets/ca/subscribe_with_dark.svg"],"packages/pay_android/assets/ca/subscribe_with_light.svg":["packages/pay_android/assets/ca/subscribe_with_light.svg"],"packages/pay_android/assets/ca/view_in_dark.svg":["packages/pay_android/assets/ca/view_in_dark.svg"],"packages/pay_android/assets/ca/view_in_light.svg":["packages/pay_android/assets/ca/view_in_light.svg"],"packages/pay_android/assets/cs/book_with_dark.svg":["packages/pay_android/assets/cs/book_with_dark.svg"],"packages/pay_android/assets/cs/book_with_light.svg":["packages/pay_android/assets/cs/book_with_light.svg"],"packages/pay_android/assets/cs/checkout_with_dark.svg":["packages/pay_android/assets/cs/checkout_with_dark.svg"],"packages/pay_android/assets/cs/checkout_with_light.svg":["packages/pay_android/assets/cs/checkout_with_light.svg"],"packages/pay_android/assets/cs/donate_with_dark.svg":["packages/pay_android/assets/cs/donate_with_dark.svg"],"packages/pay_android/assets/cs/donate_with_light.svg":["packages/pay_android/assets/cs/donate_with_light.svg"],"packages/pay_android/assets/cs/order_with_dark.svg":["packages/pay_android/assets/cs/order_with_dark.svg"],"packages/pay_android/assets/cs/order_with_light.svg":["packages/pay_android/assets/cs/order_with_light.svg"],"packages/pay_android/assets/cs/pay_with_dark.svg":["packages/pay_android/assets/cs/pay_with_dark.svg"],"packages/pay_android/assets/cs/pay_with_light.svg":["packages/pay_android/assets/cs/pay_with_light.svg"],"packages/pay_android/assets/cs/subscribe_with_dark.svg":["packages/pay_android/assets/cs/subscribe_with_dark.svg"],"packages/pay_android/assets/cs/subscribe_with_light.svg":["packages/pay_android/assets/cs/subscribe_with_light.svg"],"packages/pay_android/assets/cs/view_in_dark.svg":["packages/pay_android/assets/cs/view_in_dark.svg"],"packages/pay_android/assets/cs/view_in_light.svg":["packages/pay_android/assets/cs/view_in_light.svg"],"packages/pay_android/assets/da/book_with_dark.svg":["packages/pay_android/assets/da/book_with_dark.svg"],"packages/pay_android/assets/da/book_with_light.svg":["packages/pay_android/assets/da/book_with_light.svg"],"packages/pay_android/assets/da/checkout_with_dark.svg":["packages/pay_android/assets/da/checkout_with_dark.svg"],"packages/pay_android/assets/da/checkout_with_light.svg":["packages/pay_android/assets/da/checkout_with_light.svg"],"packages/pay_android/assets/da/donate_with_dark.svg":["packages/pay_android/assets/da/donate_with_dark.svg"],"packages/pay_android/assets/da/donate_with_light.svg":["packages/pay_android/assets/da/donate_with_light.svg"],"packages/pay_android/assets/da/order_with_dark.svg":["packages/pay_android/assets/da/order_with_dark.svg"],"packages/pay_android/assets/da/order_with_light.svg":["packages/pay_android/assets/da/order_with_light.svg"],"packages/pay_android/assets/da/pay_with_dark.svg":["packages/pay_android/assets/da/pay_with_dark.svg"],"packages/pay_android/assets/da/pay_with_light.svg":["packages/pay_android/assets/da/pay_with_light.svg"],"packages/pay_android/assets/da/subscribe_with_dark.svg":["packages/pay_android/assets/da/subscribe_with_dark.svg"],"packages/pay_android/assets/da/subscribe_with_light.svg":["packages/pay_android/assets/da/subscribe_with_light.svg"],"packages/pay_android/assets/da/view_in_dark.svg":["packages/pay_android/assets/da/view_in_dark.svg"],"packages/pay_android/assets/da/view_in_light.svg":["packages/pay_android/assets/da/view_in_light.svg"],"packages/pay_android/assets/de/book_with_dark.svg":["packages/pay_android/assets/de/book_with_dark.svg"],"packages/pay_android/assets/de/book_with_light.svg":["packages/pay_android/assets/de/book_with_light.svg"],"packages/pay_android/assets/de/checkout_with_dark.svg":["packages/pay_android/assets/de/checkout_with_dark.svg"],"packages/pay_android/assets/de/checkout_with_light.svg":["packages/pay_android/assets/de/checkout_with_light.svg"],"packages/pay_android/assets/de/donate_with_dark.svg":["packages/pay_android/assets/de/donate_with_dark.svg"],"packages/pay_android/assets/de/donate_with_light.svg":["packages/pay_android/assets/de/donate_with_light.svg"],"packages/pay_android/assets/de/order_with_dark.svg":["packages/pay_android/assets/de/order_with_dark.svg"],"packages/pay_android/assets/de/order_with_light.svg":["packages/pay_android/assets/de/order_with_light.svg"],"packages/pay_android/assets/de/pay_with_dark.svg":["packages/pay_android/assets/de/pay_with_dark.svg"],"packages/pay_android/assets/de/pay_with_light.svg":["packages/pay_android/assets/de/pay_with_light.svg"],"packages/pay_android/assets/de/subscribe_with_dark.svg":["packages/pay_android/assets/de/subscribe_with_dark.svg"],"packages/pay_android/assets/de/subscribe_with_light.svg":["packages/pay_android/assets/de/subscribe_with_light.svg"],"packages/pay_android/assets/de/view_in_dark.svg":["packages/pay_android/assets/de/view_in_dark.svg"],"packages/pay_android/assets/de/view_in_light.svg":["packages/pay_android/assets/de/view_in_light.svg"],"packages/pay_android/assets/el/book_with_dark.svg":["packages/pay_android/assets/el/book_with_dark.svg"],"packages/pay_android/assets/el/book_with_light.svg":["packages/pay_android/assets/el/book_with_light.svg"],"packages/pay_android/assets/el/checkout_with_dark.svg":["packages/pay_android/assets/el/checkout_with_dark.svg"],"packages/pay_android/assets/el/checkout_with_light.svg":["packages/pay_android/assets/el/checkout_with_light.svg"],"packages/pay_android/assets/el/donate_with_dark.svg":["packages/pay_android/assets/el/donate_with_dark.svg"],"packages/pay_android/assets/el/donate_with_light.svg":["packages/pay_android/assets/el/donate_with_light.svg"],"packages/pay_android/assets/el/order_with_dark.svg":["packages/pay_android/assets/el/order_with_dark.svg"],"packages/pay_android/assets/el/order_with_light.svg":["packages/pay_android/assets/el/order_with_light.svg"],"packages/pay_android/assets/el/pay_with_dark.svg":["packages/pay_android/assets/el/pay_with_dark.svg"],"packages/pay_android/assets/el/pay_with_light.svg":["packages/pay_android/assets/el/pay_with_light.svg"],"packages/pay_android/assets/el/subscribe_with_dark.svg":["packages/pay_android/assets/el/subscribe_with_dark.svg"],"packages/pay_android/assets/el/subscribe_with_light.svg":["packages/pay_android/assets/el/subscribe_with_light.svg"],"packages/pay_android/assets/el/view_in_dark.svg":["packages/pay_android/assets/el/view_in_dark.svg"],"packages/pay_android/assets/el/view_in_light.svg":["packages/pay_android/assets/el/view_in_light.svg"],"packages/pay_android/assets/en/book_with_dark.svg":["packages/pay_android/assets/en/book_with_dark.svg"],"packages/pay_android/assets/en/book_with_light.svg":["packages/pay_android/assets/en/book_with_light.svg"],"packages/pay_android/assets/en/checkout_with_dark.svg":["packages/pay_android/assets/en/checkout_with_dark.svg"],"packages/pay_android/assets/en/checkout_with_light.svg":["packages/pay_android/assets/en/checkout_with_light.svg"],"packages/pay_android/assets/en/donate_with_dark.svg":["packages/pay_android/assets/en/donate_with_dark.svg"],"packages/pay_android/assets/en/donate_with_light.svg":["packages/pay_android/assets/en/donate_with_light.svg"],"packages/pay_android/assets/en/order_with_dark.svg":["packages/pay_android/assets/en/order_with_dark.svg"],"packages/pay_android/assets/en/order_with_light.svg":["packages/pay_android/assets/en/order_with_light.svg"],"packages/pay_android/assets/en/pay_with_dark.svg":["packages/pay_android/assets/en/pay_with_dark.svg"],"packages/pay_android/assets/en/pay_with_light.svg":["packages/pay_android/assets/en/pay_with_light.svg"],"packages/pay_android/assets/en/subscribe_with_dark.svg":["packages/pay_android/assets/en/subscribe_with_dark.svg"],"packages/pay_android/assets/en/subscribe_with_light.svg":["packages/pay_android/assets/en/subscribe_with_light.svg"],"packages/pay_android/assets/en/view_in_dark.svg":["packages/pay_android/assets/en/view_in_dark.svg"],"packages/pay_android/assets/en/view_in_light.svg":["packages/pay_android/assets/en/view_in_light.svg"],"packages/pay_android/assets/es/book_with_dark.svg":["packages/pay_android/assets/es/book_with_dark.svg"],"packages/pay_android/assets/es/book_with_light.svg":["packages/pay_android/assets/es/book_with_light.svg"],"packages/pay_android/assets/es/checkout_with_dark.svg":["packages/pay_android/assets/es/checkout_with_dark.svg"],"packages/pay_android/assets/es/checkout_with_light.svg":["packages/pay_android/assets/es/checkout_with_light.svg"],"packages/pay_android/assets/es/donate_with_dark.svg":["packages/pay_android/assets/es/donate_with_dark.svg"],"packages/pay_android/assets/es/donate_with_light.svg":["packages/pay_android/assets/es/donate_with_light.svg"],"packages/pay_android/assets/es/order_with_dark.svg":["packages/pay_android/assets/es/order_with_dark.svg"],"packages/pay_android/assets/es/order_with_light.svg":["packages/pay_android/assets/es/order_with_light.svg"],"packages/pay_android/assets/es/pay_with_dark.svg":["packages/pay_android/assets/es/pay_with_dark.svg"],"packages/pay_android/assets/es/pay_with_light.svg":["packages/pay_android/assets/es/pay_with_light.svg"],"packages/pay_android/assets/es/subscribe_with_dark.svg":["packages/pay_android/assets/es/subscribe_with_dark.svg"],"packages/pay_android/assets/es/subscribe_with_light.svg":["packages/pay_android/assets/es/subscribe_with_light.svg"],"packages/pay_android/assets/es/view_in_dark.svg":["packages/pay_android/assets/es/view_in_dark.svg"],"packages/pay_android/assets/es/view_in_light.svg":["packages/pay_android/assets/es/view_in_light.svg"],"packages/pay_android/assets/et/book_with_dark.svg":["packages/pay_android/assets/et/book_with_dark.svg"],"packages/pay_android/assets/et/book_with_light.svg":["packages/pay_android/assets/et/book_with_light.svg"],"packages/pay_android/assets/et/checkout_with_dark.svg":["packages/pay_android/assets/et/checkout_with_dark.svg"],"packages/pay_android/assets/et/checkout_with_light.svg":["packages/pay_android/assets/et/checkout_with_light.svg"],"packages/pay_android/assets/et/donate_with_dark.svg":["packages/pay_android/assets/et/donate_with_dark.svg"],"packages/pay_android/assets/et/donate_with_light.svg":["packages/pay_android/assets/et/donate_with_light.svg"],"packages/pay_android/assets/et/order_with_dark.svg":["packages/pay_android/assets/et/order_with_dark.svg"],"packages/pay_android/assets/et/order_with_light.svg":["packages/pay_android/assets/et/order_with_light.svg"],"packages/pay_android/assets/et/pay_with_dark.svg":["packages/pay_android/assets/et/pay_with_dark.svg"],"packages/pay_android/assets/et/pay_with_light.svg":["packages/pay_android/assets/et/pay_with_light.svg"],"packages/pay_android/assets/et/subscribe_with_dark.svg":["packages/pay_android/assets/et/subscribe_with_dark.svg"],"packages/pay_android/assets/et/subscribe_with_light.svg":["packages/pay_android/assets/et/subscribe_with_light.svg"],"packages/pay_android/assets/et/view_in_dark.svg":["packages/pay_android/assets/et/view_in_dark.svg"],"packages/pay_android/assets/et/view_in_light.svg":["packages/pay_android/assets/et/view_in_light.svg"],"packages/pay_android/assets/fi/book_with_dark.svg":["packages/pay_android/assets/fi/book_with_dark.svg"],"packages/pay_android/assets/fi/book_with_light.svg":["packages/pay_android/assets/fi/book_with_light.svg"],"packages/pay_android/assets/fi/checkout_with_dark.svg":["packages/pay_android/assets/fi/checkout_with_dark.svg"],"packages/pay_android/assets/fi/checkout_with_light.svg":["packages/pay_android/assets/fi/checkout_with_light.svg"],"packages/pay_android/assets/fi/donate_with_dark.svg":["packages/pay_android/assets/fi/donate_with_dark.svg"],"packages/pay_android/assets/fi/donate_with_light.svg":["packages/pay_android/assets/fi/donate_with_light.svg"],"packages/pay_android/assets/fi/order_with_dark.svg":["packages/pay_android/assets/fi/order_with_dark.svg"],"packages/pay_android/assets/fi/order_with_light.svg":["packages/pay_android/assets/fi/order_with_light.svg"],"packages/pay_android/assets/fi/pay_with_dark.svg":["packages/pay_android/assets/fi/pay_with_dark.svg"],"packages/pay_android/assets/fi/pay_with_light.svg":["packages/pay_android/assets/fi/pay_with_light.svg"],"packages/pay_android/assets/fi/subscribe_with_dark.svg":["packages/pay_android/assets/fi/subscribe_with_dark.svg"],"packages/pay_android/assets/fi/subscribe_with_light.svg":["packages/pay_android/assets/fi/subscribe_with_light.svg"],"packages/pay_android/assets/fi/view_in_dark.svg":["packages/pay_android/assets/fi/view_in_dark.svg"],"packages/pay_android/assets/fi/view_in_light.svg":["packages/pay_android/assets/fi/view_in_light.svg"],"packages/pay_android/assets/fr/book_with_dark.svg":["packages/pay_android/assets/fr/book_with_dark.svg"],"packages/pay_android/assets/fr/book_with_light.svg":["packages/pay_android/assets/fr/book_with_light.svg"],"packages/pay_android/assets/fr/checkout_with_dark.svg":["packages/pay_android/assets/fr/checkout_with_dark.svg"],"packages/pay_android/assets/fr/checkout_with_light.svg":["packages/pay_android/assets/fr/checkout_with_light.svg"],"packages/pay_android/assets/fr/donate_with_dark.svg":["packages/pay_android/assets/fr/donate_with_dark.svg"],"packages/pay_android/assets/fr/donate_with_light.svg":["packages/pay_android/assets/fr/donate_with_light.svg"],"packages/pay_android/assets/fr/order_with_dark.svg":["packages/pay_android/assets/fr/order_with_dark.svg"],"packages/pay_android/assets/fr/order_with_light.svg":["packages/pay_android/assets/fr/order_with_light.svg"],"packages/pay_android/assets/fr/pay_with_dark.svg":["packages/pay_android/assets/fr/pay_with_dark.svg"],"packages/pay_android/assets/fr/pay_with_light.svg":["packages/pay_android/assets/fr/pay_with_light.svg"],"packages/pay_android/assets/fr/subscribe_with_dark.svg":["packages/pay_android/assets/fr/subscribe_with_dark.svg"],"packages/pay_android/assets/fr/subscribe_with_light.svg":["packages/pay_android/assets/fr/subscribe_with_light.svg"],"packages/pay_android/assets/fr/view_in_dark.svg":["packages/pay_android/assets/fr/view_in_dark.svg"],"packages/pay_android/assets/fr/view_in_light.svg":["packages/pay_android/assets/fr/view_in_light.svg"],"packages/pay_android/assets/gpay_logo_dark.svg":["packages/pay_android/assets/gpay_logo_dark.svg"],"packages/pay_android/assets/gpay_logo_light.svg":["packages/pay_android/assets/gpay_logo_light.svg"],"packages/pay_android/assets/hr/book_with_dark.svg":["packages/pay_android/assets/hr/book_with_dark.svg"],"packages/pay_android/assets/hr/book_with_light.svg":["packages/pay_android/assets/hr/book_with_light.svg"],"packages/pay_android/assets/hr/checkout_with_dark.svg":["packages/pay_android/assets/hr/checkout_with_dark.svg"],"packages/pay_android/assets/hr/checkout_with_light.svg":["packages/pay_android/assets/hr/checkout_with_light.svg"],"packages/pay_android/assets/hr/donate_with_dark.svg":["packages/pay_android/assets/hr/donate_with_dark.svg"],"packages/pay_android/assets/hr/donate_with_light.svg":["packages/pay_android/assets/hr/donate_with_light.svg"],"packages/pay_android/assets/hr/order_with_dark.svg":["packages/pay_android/assets/hr/order_with_dark.svg"],"packages/pay_android/assets/hr/order_with_light.svg":["packages/pay_android/assets/hr/order_with_light.svg"],"packages/pay_android/assets/hr/pay_with_dark.svg":["packages/pay_android/assets/hr/pay_with_dark.svg"],"packages/pay_android/assets/hr/pay_with_light.svg":["packages/pay_android/assets/hr/pay_with_light.svg"],"packages/pay_android/assets/hr/subscribe_with_dark.svg":["packages/pay_android/assets/hr/subscribe_with_dark.svg"],"packages/pay_android/assets/hr/subscribe_with_light.svg":["packages/pay_android/assets/hr/subscribe_with_light.svg"],"packages/pay_android/assets/hr/view_in_dark.svg":["packages/pay_android/assets/hr/view_in_dark.svg"],"packages/pay_android/assets/hr/view_in_light.svg":["packages/pay_android/assets/hr/view_in_light.svg"],"packages/pay_android/assets/id/book_with_dark.svg":["packages/pay_android/assets/id/book_with_dark.svg"],"packages/pay_android/assets/id/book_with_light.svg":["packages/pay_android/assets/id/book_with_light.svg"],"packages/pay_android/assets/id/checkout_with_dark.svg":["packages/pay_android/assets/id/checkout_with_dark.svg"],"packages/pay_android/assets/id/checkout_with_light.svg":["packages/pay_android/assets/id/checkout_with_light.svg"],"packages/pay_android/assets/id/donate_with_dark.svg":["packages/pay_android/assets/id/donate_with_dark.svg"],"packages/pay_android/assets/id/donate_with_light.svg":["packages/pay_android/assets/id/donate_with_light.svg"],"packages/pay_android/assets/id/order_with_dark.svg":["packages/pay_android/assets/id/order_with_dark.svg"],"packages/pay_android/assets/id/order_with_light.svg":["packages/pay_android/assets/id/order_with_light.svg"],"packages/pay_android/assets/id/pay_with_dark.svg":["packages/pay_android/assets/id/pay_with_dark.svg"],"packages/pay_android/assets/id/pay_with_light.svg":["packages/pay_android/assets/id/pay_with_light.svg"],"packages/pay_android/assets/id/subscribe_with_dark.svg":["packages/pay_android/assets/id/subscribe_with_dark.svg"],"packages/pay_android/assets/id/subscribe_with_light.svg":["packages/pay_android/assets/id/subscribe_with_light.svg"],"packages/pay_android/assets/id/view_in_dark.svg":["packages/pay_android/assets/id/view_in_dark.svg"],"packages/pay_android/assets/id/view_in_light.svg":["packages/pay_android/assets/id/view_in_light.svg"],"packages/pay_android/assets/it/book_with_dark.svg":["packages/pay_android/assets/it/book_with_dark.svg"],"packages/pay_android/assets/it/book_with_light.svg":["packages/pay_android/assets/it/book_with_light.svg"],"packages/pay_android/assets/it/checkout_with_dark.svg":["packages/pay_android/assets/it/checkout_with_dark.svg"],"packages/pay_android/assets/it/checkout_with_light.svg":["packages/pay_android/assets/it/checkout_with_light.svg"],"packages/pay_android/assets/it/donate_with_dark.svg":["packages/pay_android/assets/it/donate_with_dark.svg"],"packages/pay_android/assets/it/donate_with_light.svg":["packages/pay_android/assets/it/donate_with_light.svg"],"packages/pay_android/assets/it/order_with_dark.svg":["packages/pay_android/assets/it/order_with_dark.svg"],"packages/pay_android/assets/it/order_with_light.svg":["packages/pay_android/assets/it/order_with_light.svg"],"packages/pay_android/assets/it/pay_with_dark.svg":["packages/pay_android/assets/it/pay_with_dark.svg"],"packages/pay_android/assets/it/pay_with_light.svg":["packages/pay_android/assets/it/pay_with_light.svg"],"packages/pay_android/assets/it/subscribe_with_dark.svg":["packages/pay_android/assets/it/subscribe_with_dark.svg"],"packages/pay_android/assets/it/subscribe_with_light.svg":["packages/pay_android/assets/it/subscribe_with_light.svg"],"packages/pay_android/assets/it/view_in_dark.svg":["packages/pay_android/assets/it/view_in_dark.svg"],"packages/pay_android/assets/it/view_in_light.svg":["packages/pay_android/assets/it/view_in_light.svg"],"packages/pay_android/assets/ja/book_with_dark.svg":["packages/pay_android/assets/ja/book_with_dark.svg"],"packages/pay_android/assets/ja/book_with_light.svg":["packages/pay_android/assets/ja/book_with_light.svg"],"packages/pay_android/assets/ja/checkout_with_dark.svg":["packages/pay_android/assets/ja/checkout_with_dark.svg"],"packages/pay_android/assets/ja/checkout_with_light.svg":["packages/pay_android/assets/ja/checkout_with_light.svg"],"packages/pay_android/assets/ja/donate_with_dark.svg":["packages/pay_android/assets/ja/donate_with_dark.svg"],"packages/pay_android/assets/ja/donate_with_light.svg":["packages/pay_android/assets/ja/donate_with_light.svg"],"packages/pay_android/assets/ja/order_with_dark.svg":["packages/pay_android/assets/ja/order_with_dark.svg"],"packages/pay_android/assets/ja/order_with_light.svg":["packages/pay_android/assets/ja/order_with_light.svg"],"packages/pay_android/assets/ja/pay_with_dark.svg":["packages/pay_android/assets/ja/pay_with_dark.svg"],"packages/pay_android/assets/ja/pay_with_light.svg":["packages/pay_android/assets/ja/pay_with_light.svg"],"packages/pay_android/assets/ja/subscribe_with_dark.svg":["packages/pay_android/assets/ja/subscribe_with_dark.svg"],"packages/pay_android/assets/ja/subscribe_with_light.svg":["packages/pay_android/assets/ja/subscribe_with_light.svg"],"packages/pay_android/assets/ja/view_in_dark.svg":["packages/pay_android/assets/ja/view_in_dark.svg"],"packages/pay_android/assets/ja/view_in_light.svg":["packages/pay_android/assets/ja/view_in_light.svg"],"packages/pay_android/assets/ko/book_with_dark.svg":["packages/pay_android/assets/ko/book_with_dark.svg"],"packages/pay_android/assets/ko/book_with_light.svg":["packages/pay_android/assets/ko/book_with_light.svg"],"packages/pay_android/assets/ko/checkout_with_dark.svg":["packages/pay_android/assets/ko/checkout_with_dark.svg"],"packages/pay_android/assets/ko/checkout_with_light.svg":["packages/pay_android/assets/ko/checkout_with_light.svg"],"packages/pay_android/assets/ko/donate_with_dark.svg":["packages/pay_android/assets/ko/donate_with_dark.svg"],"packages/pay_android/assets/ko/donate_with_light.svg":["packages/pay_android/assets/ko/donate_with_light.svg"],"packages/pay_android/assets/ko/order_with_dark.svg":["packages/pay_android/assets/ko/order_with_dark.svg"],"packages/pay_android/assets/ko/order_with_light.svg":["packages/pay_android/assets/ko/order_with_light.svg"],"packages/pay_android/assets/ko/pay_with_dark.svg":["packages/pay_android/assets/ko/pay_with_dark.svg"],"packages/pay_android/assets/ko/pay_with_light.svg":["packages/pay_android/assets/ko/pay_with_light.svg"],"packages/pay_android/assets/ko/subscribe_with_dark.svg":["packages/pay_android/assets/ko/subscribe_with_dark.svg"],"packages/pay_android/assets/ko/subscribe_with_light.svg":["packages/pay_android/assets/ko/subscribe_with_light.svg"],"packages/pay_android/assets/ko/view_in_dark.svg":["packages/pay_android/assets/ko/view_in_dark.svg"],"packages/pay_android/assets/ko/view_in_light.svg":["packages/pay_android/assets/ko/view_in_light.svg"],"packages/pay_android/assets/ms/book_with_dark.svg":["packages/pay_android/assets/ms/book_with_dark.svg"],"packages/pay_android/assets/ms/book_with_light.svg":["packages/pay_android/assets/ms/book_with_light.svg"],"packages/pay_android/assets/ms/checkout_with_dark.svg":["packages/pay_android/assets/ms/checkout_with_dark.svg"],"packages/pay_android/assets/ms/checkout_with_light.svg":["packages/pay_android/assets/ms/checkout_with_light.svg"],"packages/pay_android/assets/ms/donate_with_dark.svg":["packages/pay_android/assets/ms/donate_with_dark.svg"],"packages/pay_android/assets/ms/donate_with_light.svg":["packages/pay_android/assets/ms/donate_with_light.svg"],"packages/pay_android/assets/ms/order_with_dark.svg":["packages/pay_android/assets/ms/order_with_dark.svg"],"packages/pay_android/assets/ms/order_with_light.svg":["packages/pay_android/assets/ms/order_with_light.svg"],"packages/pay_android/assets/ms/pay_with_dark.svg":["packages/pay_android/assets/ms/pay_with_dark.svg"],"packages/pay_android/assets/ms/pay_with_light.svg":["packages/pay_android/assets/ms/pay_with_light.svg"],"packages/pay_android/assets/ms/subscribe_with_dark.svg":["packages/pay_android/assets/ms/subscribe_with_dark.svg"],"packages/pay_android/assets/ms/subscribe_with_light.svg":["packages/pay_android/assets/ms/subscribe_with_light.svg"],"packages/pay_android/assets/ms/view_in_dark.svg":["packages/pay_android/assets/ms/view_in_dark.svg"],"packages/pay_android/assets/ms/view_in_light.svg":["packages/pay_android/assets/ms/view_in_light.svg"],"packages/pay_android/assets/nl/book_with_dark.svg":["packages/pay_android/assets/nl/book_with_dark.svg"],"packages/pay_android/assets/nl/book_with_light.svg":["packages/pay_android/assets/nl/book_with_light.svg"],"packages/pay_android/assets/nl/checkout_with_dark.svg":["packages/pay_android/assets/nl/checkout_with_dark.svg"],"packages/pay_android/assets/nl/checkout_with_light.svg":["packages/pay_android/assets/nl/checkout_with_light.svg"],"packages/pay_android/assets/nl/donate_with_dark.svg":["packages/pay_android/assets/nl/donate_with_dark.svg"],"packages/pay_android/assets/nl/donate_with_light.svg":["packages/pay_android/assets/nl/donate_with_light.svg"],"packages/pay_android/assets/nl/order_with_dark.svg":["packages/pay_android/assets/nl/order_with_dark.svg"],"packages/pay_android/assets/nl/order_with_light.svg":["packages/pay_android/assets/nl/order_with_light.svg"],"packages/pay_android/assets/nl/pay_with_dark.svg":["packages/pay_android/assets/nl/pay_with_dark.svg"],"packages/pay_android/assets/nl/pay_with_light.svg":["packages/pay_android/assets/nl/pay_with_light.svg"],"packages/pay_android/assets/nl/subscribe_with_dark.svg":["packages/pay_android/assets/nl/subscribe_with_dark.svg"],"packages/pay_android/assets/nl/subscribe_with_light.svg":["packages/pay_android/assets/nl/subscribe_with_light.svg"],"packages/pay_android/assets/nl/view_in_dark.svg":["packages/pay_android/assets/nl/view_in_dark.svg"],"packages/pay_android/assets/nl/view_in_light.svg":["packages/pay_android/assets/nl/view_in_light.svg"],"packages/pay_android/assets/no/book_with_dark.svg":["packages/pay_android/assets/no/book_with_dark.svg"],"packages/pay_android/assets/no/book_with_light.svg":["packages/pay_android/assets/no/book_with_light.svg"],"packages/pay_android/assets/no/checkout_with_dark.svg":["packages/pay_android/assets/no/checkout_with_dark.svg"],"packages/pay_android/assets/no/checkout_with_light.svg":["packages/pay_android/assets/no/checkout_with_light.svg"],"packages/pay_android/assets/no/donate_with_dark.svg":["packages/pay_android/assets/no/donate_with_dark.svg"],"packages/pay_android/assets/no/donate_with_light.svg":["packages/pay_android/assets/no/donate_with_light.svg"],"packages/pay_android/assets/no/order_with_dark.svg":["packages/pay_android/assets/no/order_with_dark.svg"],"packages/pay_android/assets/no/order_with_light.svg":["packages/pay_android/assets/no/order_with_light.svg"],"packages/pay_android/assets/no/pay_with_dark.svg":["packages/pay_android/assets/no/pay_with_dark.svg"],"packages/pay_android/assets/no/pay_with_light.svg":["packages/pay_android/assets/no/pay_with_light.svg"],"packages/pay_android/assets/no/subscribe_with_dark.svg":["packages/pay_android/assets/no/subscribe_with_dark.svg"],"packages/pay_android/assets/no/subscribe_with_light.svg":["packages/pay_android/assets/no/subscribe_with_light.svg"],"packages/pay_android/assets/no/view_in_dark.svg":["packages/pay_android/assets/no/view_in_dark.svg"],"packages/pay_android/assets/no/view_in_light.svg":["packages/pay_android/assets/no/view_in_light.svg"],"packages/pay_android/assets/pl/book_with_dark.svg":["packages/pay_android/assets/pl/book_with_dark.svg"],"packages/pay_android/assets/pl/book_with_light.svg":["packages/pay_android/assets/pl/book_with_light.svg"],"packages/pay_android/assets/pl/checkout_with_dark.svg":["packages/pay_android/assets/pl/checkout_with_dark.svg"],"packages/pay_android/assets/pl/checkout_with_light.svg":["packages/pay_android/assets/pl/checkout_with_light.svg"],"packages/pay_android/assets/pl/donate_with_dark.svg":["packages/pay_android/assets/pl/donate_with_dark.svg"],"packages/pay_android/assets/pl/donate_with_light.svg":["packages/pay_android/assets/pl/donate_with_light.svg"],"packages/pay_android/assets/pl/order_with_dark.svg":["packages/pay_android/assets/pl/order_with_dark.svg"],"packages/pay_android/assets/pl/order_with_light.svg":["packages/pay_android/assets/pl/order_with_light.svg"],"packages/pay_android/assets/pl/pay_with_dark.svg":["packages/pay_android/assets/pl/pay_with_dark.svg"],"packages/pay_android/assets/pl/pay_with_light.svg":["packages/pay_android/assets/pl/pay_with_light.svg"],"packages/pay_android/assets/pl/subscribe_with_dark.svg":["packages/pay_android/assets/pl/subscribe_with_dark.svg"],"packages/pay_android/assets/pl/subscribe_with_light.svg":["packages/pay_android/assets/pl/subscribe_with_light.svg"],"packages/pay_android/assets/pl/view_in_dark.svg":["packages/pay_android/assets/pl/view_in_dark.svg"],"packages/pay_android/assets/pl/view_in_light.svg":["packages/pay_android/assets/pl/view_in_light.svg"],"packages/pay_android/assets/pt/book_with_dark.svg":["packages/pay_android/assets/pt/book_with_dark.svg"],"packages/pay_android/assets/pt/book_with_light.svg":["packages/pay_android/assets/pt/book_with_light.svg"],"packages/pay_android/assets/pt/checkout_with_dark.svg":["packages/pay_android/assets/pt/checkout_with_dark.svg"],"packages/pay_android/assets/pt/checkout_with_light.svg":["packages/pay_android/assets/pt/checkout_with_light.svg"],"packages/pay_android/assets/pt/donate_with_dark.svg":["packages/pay_android/assets/pt/donate_with_dark.svg"],"packages/pay_android/assets/pt/donate_with_light.svg":["packages/pay_android/assets/pt/donate_with_light.svg"],"packages/pay_android/assets/pt/order_with_dark.svg":["packages/pay_android/assets/pt/order_with_dark.svg"],"packages/pay_android/assets/pt/order_with_light.svg":["packages/pay_android/assets/pt/order_with_light.svg"],"packages/pay_android/assets/pt/pay_with_dark.svg":["packages/pay_android/assets/pt/pay_with_dark.svg"],"packages/pay_android/assets/pt/pay_with_light.svg":["packages/pay_android/assets/pt/pay_with_light.svg"],"packages/pay_android/assets/pt/subscribe_with_dark.svg":["packages/pay_android/assets/pt/subscribe_with_dark.svg"],"packages/pay_android/assets/pt/subscribe_with_light.svg":["packages/pay_android/assets/pt/subscribe_with_light.svg"],"packages/pay_android/assets/pt/view_in_dark.svg":["packages/pay_android/assets/pt/view_in_dark.svg"],"packages/pay_android/assets/pt/view_in_light.svg":["packages/pay_android/assets/pt/view_in_light.svg"],"packages/pay_android/assets/ru/book_with_dark.svg":["packages/pay_android/assets/ru/book_with_dark.svg"],"packages/pay_android/assets/ru/book_with_light.svg":["packages/pay_android/assets/ru/book_with_light.svg"],"packages/pay_android/assets/ru/checkout_with_dark.svg":["packages/pay_android/assets/ru/checkout_with_dark.svg"],"packages/pay_android/assets/ru/checkout_with_light.svg":["packages/pay_android/assets/ru/checkout_with_light.svg"],"packages/pay_android/assets/ru/donate_with_dark.svg":["packages/pay_android/assets/ru/donate_with_dark.svg"],"packages/pay_android/assets/ru/donate_with_light.svg":["packages/pay_android/assets/ru/donate_with_light.svg"],"packages/pay_android/assets/ru/order_with_dark.svg":["packages/pay_android/assets/ru/order_with_dark.svg"],"packages/pay_android/assets/ru/order_with_light.svg":["packages/pay_android/assets/ru/order_with_light.svg"],"packages/pay_android/assets/ru/pay_with_dark.svg":["packages/pay_android/assets/ru/pay_with_dark.svg"],"packages/pay_android/assets/ru/pay_with_light.svg":["packages/pay_android/assets/ru/pay_with_light.svg"],"packages/pay_android/assets/ru/subscribe_with_dark.svg":["packages/pay_android/assets/ru/subscribe_with_dark.svg"],"packages/pay_android/assets/ru/subscribe_with_light.svg":["packages/pay_android/assets/ru/subscribe_with_light.svg"],"packages/pay_android/assets/ru/view_in_dark.svg":["packages/pay_android/assets/ru/view_in_dark.svg"],"packages/pay_android/assets/ru/view_in_light.svg":["packages/pay_android/assets/ru/view_in_light.svg"],"packages/pay_android/assets/sk/book_with_dark.svg":["packages/pay_android/assets/sk/book_with_dark.svg"],"packages/pay_android/assets/sk/book_with_light.svg":["packages/pay_android/assets/sk/book_with_light.svg"],"packages/pay_android/assets/sk/checkout_with_dark.svg":["packages/pay_android/assets/sk/checkout_with_dark.svg"],"packages/pay_android/assets/sk/checkout_with_light.svg":["packages/pay_android/assets/sk/checkout_with_light.svg"],"packages/pay_android/assets/sk/donate_with_dark.svg":["packages/pay_android/assets/sk/donate_with_dark.svg"],"packages/pay_android/assets/sk/donate_with_light.svg":["packages/pay_android/assets/sk/donate_with_light.svg"],"packages/pay_android/assets/sk/order_with_dark.svg":["packages/pay_android/assets/sk/order_with_dark.svg"],"packages/pay_android/assets/sk/order_with_light.svg":["packages/pay_android/assets/sk/order_with_light.svg"],"packages/pay_android/assets/sk/pay_with_dark.svg":["packages/pay_android/assets/sk/pay_with_dark.svg"],"packages/pay_android/assets/sk/pay_with_light.svg":["packages/pay_android/assets/sk/pay_with_light.svg"],"packages/pay_android/assets/sk/subscribe_with_dark.svg":["packages/pay_android/assets/sk/subscribe_with_dark.svg"],"packages/pay_android/assets/sk/subscribe_with_light.svg":["packages/pay_android/assets/sk/subscribe_with_light.svg"],"packages/pay_android/assets/sk/view_in_dark.svg":["packages/pay_android/assets/sk/view_in_dark.svg"],"packages/pay_android/assets/sk/view_in_light.svg":["packages/pay_android/assets/sk/view_in_light.svg"],"packages/pay_android/assets/sl/book_with_dark.svg":["packages/pay_android/assets/sl/book_with_dark.svg"],"packages/pay_android/assets/sl/book_with_light.svg":["packages/pay_android/assets/sl/book_with_light.svg"],"packages/pay_android/assets/sl/checkout_with_dark.svg":["packages/pay_android/assets/sl/checkout_with_dark.svg"],"packages/pay_android/assets/sl/checkout_with_light.svg":["packages/pay_android/assets/sl/checkout_with_light.svg"],"packages/pay_android/assets/sl/donate_with_dark.svg":["packages/pay_android/assets/sl/donate_with_dark.svg"],"packages/pay_android/assets/sl/donate_with_light.svg":["packages/pay_android/assets/sl/donate_with_light.svg"],"packages/pay_android/assets/sl/order_with_dark.svg":["packages/pay_android/assets/sl/order_with_dark.svg"],"packages/pay_android/assets/sl/order_with_light.svg":["packages/pay_android/assets/sl/order_with_light.svg"],"packages/pay_android/assets/sl/pay_with_dark.svg":["packages/pay_android/assets/sl/pay_with_dark.svg"],"packages/pay_android/assets/sl/pay_with_light.svg":["packages/pay_android/assets/sl/pay_with_light.svg"],"packages/pay_android/assets/sl/subscribe_with_dark.svg":["packages/pay_android/assets/sl/subscribe_with_dark.svg"],"packages/pay_android/assets/sl/subscribe_with_light.svg":["packages/pay_android/assets/sl/subscribe_with_light.svg"],"packages/pay_android/assets/sl/view_in_dark.svg":["packages/pay_android/assets/sl/view_in_dark.svg"],"packages/pay_android/assets/sl/view_in_light.svg":["packages/pay_android/assets/sl/view_in_light.svg"],"packages/pay_android/assets/sr/book_with_dark.svg":["packages/pay_android/assets/sr/book_with_dark.svg"],"packages/pay_android/assets/sr/book_with_light.svg":["packages/pay_android/assets/sr/book_with_light.svg"],"packages/pay_android/assets/sr/checkout_with_dark.svg":["packages/pay_android/assets/sr/checkout_with_dark.svg"],"packages/pay_android/assets/sr/checkout_with_light.svg":["packages/pay_android/assets/sr/checkout_with_light.svg"],"packages/pay_android/assets/sr/donate_with_dark.svg":["packages/pay_android/assets/sr/donate_with_dark.svg"],"packages/pay_android/assets/sr/donate_with_light.svg":["packages/pay_android/assets/sr/donate_with_light.svg"],"packages/pay_android/assets/sr/order_with_dark.svg":["packages/pay_android/assets/sr/order_with_dark.svg"],"packages/pay_android/assets/sr/order_with_light.svg":["packages/pay_android/assets/sr/order_with_light.svg"],"packages/pay_android/assets/sr/pay_with_dark.svg":["packages/pay_android/assets/sr/pay_with_dark.svg"],"packages/pay_android/assets/sr/pay_with_light.svg":["packages/pay_android/assets/sr/pay_with_light.svg"],"packages/pay_android/assets/sr/subscribe_with_dark.svg":["packages/pay_android/assets/sr/subscribe_with_dark.svg"],"packages/pay_android/assets/sr/subscribe_with_light.svg":["packages/pay_android/assets/sr/subscribe_with_light.svg"],"packages/pay_android/assets/sr/view_in_dark.svg":["packages/pay_android/assets/sr/view_in_dark.svg"],"packages/pay_android/assets/sr/view_in_light.svg":["packages/pay_android/assets/sr/view_in_light.svg"],"packages/pay_android/assets/sv/book_with_dark.svg":["packages/pay_android/assets/sv/book_with_dark.svg"],"packages/pay_android/assets/sv/book_with_light.svg":["packages/pay_android/assets/sv/book_with_light.svg"],"packages/pay_android/assets/sv/checkout_with_dark.svg":["packages/pay_android/assets/sv/checkout_with_dark.svg"],"packages/pay_android/assets/sv/checkout_with_light.svg":["packages/pay_android/assets/sv/checkout_with_light.svg"],"packages/pay_android/assets/sv/donate_with_dark.svg":["packages/pay_android/assets/sv/donate_with_dark.svg"],"packages/pay_android/assets/sv/donate_with_light.svg":["packages/pay_android/assets/sv/donate_with_light.svg"],"packages/pay_android/assets/sv/order_with_dark.svg":["packages/pay_android/assets/sv/order_with_dark.svg"],"packages/pay_android/assets/sv/order_with_light.svg":["packages/pay_android/assets/sv/order_with_light.svg"],"packages/pay_android/assets/sv/pay_with_dark.svg":["packages/pay_android/assets/sv/pay_with_dark.svg"],"packages/pay_android/assets/sv/pay_with_light.svg":["packages/pay_android/assets/sv/pay_with_light.svg"],"packages/pay_android/assets/sv/subscribe_with_dark.svg":["packages/pay_android/assets/sv/subscribe_with_dark.svg"],"packages/pay_android/assets/sv/subscribe_with_light.svg":["packages/pay_android/assets/sv/subscribe_with_light.svg"],"packages/pay_android/assets/sv/view_in_dark.svg":["packages/pay_android/assets/sv/view_in_dark.svg"],"packages/pay_android/assets/sv/view_in_light.svg":["packages/pay_android/assets/sv/view_in_light.svg"],"packages/pay_android/assets/th/book_with_dark.svg":["packages/pay_android/assets/th/book_with_dark.svg"],"packages/pay_android/assets/th/book_with_light.svg":["packages/pay_android/assets/th/book_with_light.svg"],"packages/pay_android/assets/th/checkout_with_dark.svg":["packages/pay_android/assets/th/checkout_with_dark.svg"],"packages/pay_android/assets/th/checkout_with_light.svg":["packages/pay_android/assets/th/checkout_with_light.svg"],"packages/pay_android/assets/th/donate_with_dark.svg":["packages/pay_android/assets/th/donate_with_dark.svg"],"packages/pay_android/assets/th/donate_with_light.svg":["packages/pay_android/assets/th/donate_with_light.svg"],"packages/pay_android/assets/th/order_with_dark.svg":["packages/pay_android/assets/th/order_with_dark.svg"],"packages/pay_android/assets/th/order_with_light.svg":["packages/pay_android/assets/th/order_with_light.svg"],"packages/pay_android/assets/th/pay_with_dark.svg":["packages/pay_android/assets/th/pay_with_dark.svg"],"packages/pay_android/assets/th/pay_with_light.svg":["packages/pay_android/assets/th/pay_with_light.svg"],"packages/pay_android/assets/th/subscribe_with_dark.svg":["packages/pay_android/assets/th/subscribe_with_dark.svg"],"packages/pay_android/assets/th/subscribe_with_light.svg":["packages/pay_android/assets/th/subscribe_with_light.svg"],"packages/pay_android/assets/th/view_in_dark.svg":["packages/pay_android/assets/th/view_in_dark.svg"],"packages/pay_android/assets/th/view_in_light.svg":["packages/pay_android/assets/th/view_in_light.svg"],"packages/pay_android/assets/tr/book_with_dark.svg":["packages/pay_android/assets/tr/book_with_dark.svg"],"packages/pay_android/assets/tr/book_with_light.svg":["packages/pay_android/assets/tr/book_with_light.svg"],"packages/pay_android/assets/tr/checkout_with_dark.svg":["packages/pay_android/assets/tr/checkout_with_dark.svg"],"packages/pay_android/assets/tr/checkout_with_light.svg":["packages/pay_android/assets/tr/checkout_with_light.svg"],"packages/pay_android/assets/tr/donate_with_dark.svg":["packages/pay_android/assets/tr/donate_with_dark.svg"],"packages/pay_android/assets/tr/donate_with_light.svg":["packages/pay_android/assets/tr/donate_with_light.svg"],"packages/pay_android/assets/tr/order_with_dark.svg":["packages/pay_android/assets/tr/order_with_dark.svg"],"packages/pay_android/assets/tr/order_with_light.svg":["packages/pay_android/assets/tr/order_with_light.svg"],"packages/pay_android/assets/tr/pay_with_dark.svg":["packages/pay_android/assets/tr/pay_with_dark.svg"],"packages/pay_android/assets/tr/pay_with_light.svg":["packages/pay_android/assets/tr/pay_with_light.svg"],"packages/pay_android/assets/tr/subscribe_with_dark.svg":["packages/pay_android/assets/tr/subscribe_with_dark.svg"],"packages/pay_android/assets/tr/subscribe_with_light.svg":["packages/pay_android/assets/tr/subscribe_with_light.svg"],"packages/pay_android/assets/tr/view_in_dark.svg":["packages/pay_android/assets/tr/view_in_dark.svg"],"packages/pay_android/assets/tr/view_in_light.svg":["packages/pay_android/assets/tr/view_in_light.svg"],"packages/pay_android/assets/uk/book_with_dark.svg":["packages/pay_android/assets/uk/book_with_dark.svg"],"packages/pay_android/assets/uk/book_with_light.svg":["packages/pay_android/assets/uk/book_with_light.svg"],"packages/pay_android/assets/uk/checkout_with_dark.svg":["packages/pay_android/assets/uk/checkout_with_dark.svg"],"packages/pay_android/assets/uk/checkout_with_light.svg":["packages/pay_android/assets/uk/checkout_with_light.svg"],"packages/pay_android/assets/uk/donate_with_dark.svg":["packages/pay_android/assets/uk/donate_with_dark.svg"],"packages/pay_android/assets/uk/donate_with_light.svg":["packages/pay_android/assets/uk/donate_with_light.svg"],"packages/pay_android/assets/uk/order_with_dark.svg":["packages/pay_android/assets/uk/order_with_dark.svg"],"packages/pay_android/assets/uk/order_with_light.svg":["packages/pay_android/assets/uk/order_with_light.svg"],"packages/pay_android/assets/uk/pay_with_dark.svg":["packages/pay_android/assets/uk/pay_with_dark.svg"],"packages/pay_android/assets/uk/pay_with_light.svg":["packages/pay_android/assets/uk/pay_with_light.svg"],"packages/pay_android/assets/uk/subscribe_with_dark.svg":["packages/pay_android/assets/uk/subscribe_with_dark.svg"],"packages/pay_android/assets/uk/subscribe_with_light.svg":["packages/pay_android/assets/uk/subscribe_with_light.svg"],"packages/pay_android/assets/uk/view_in_dark.svg":["packages/pay_android/assets/uk/view_in_dark.svg"],"packages/pay_android/assets/uk/view_in_light.svg":["packages/pay_android/assets/uk/view_in_light.svg"],"packages/pay_android/assets/zh/book_with_dark.svg":["packages/pay_android/assets/zh/book_with_dark.svg"],"packages/pay_android/assets/zh/book_with_light.svg":["packages/pay_android/assets/zh/book_with_light.svg"],"packages/pay_android/assets/zh/checkout_with_dark.svg":["packages/pay_android/assets/zh/checkout_with_dark.svg"],"packages/pay_android/assets/zh/checkout_with_light.svg":["packages/pay_android/assets/zh/checkout_with_light.svg"],"packages/pay_android/assets/zh/donate_with_dark.svg":["packages/pay_android/assets/zh/donate_with_dark.svg"],"packages/pay_android/assets/zh/donate_with_light.svg":["packages/pay_android/assets/zh/donate_with_light.svg"],"packages/pay_android/assets/zh/order_with_dark.svg":["packages/pay_android/assets/zh/order_with_dark.svg"],"packages/pay_android/assets/zh/order_with_light.svg":["packages/pay_android/assets/zh/order_with_light.svg"],"packages/pay_android/assets/zh/pay_with_dark.svg":["packages/pay_android/assets/zh/pay_with_dark.svg"],"packages/pay_android/assets/zh/pay_with_light.svg":["packages/pay_android/assets/zh/pay_with_light.svg"],"packages/pay_android/assets/zh/subscribe_with_dark.svg":["packages/pay_android/assets/zh/subscribe_with_dark.svg"],"packages/pay_android/assets/zh/subscribe_with_light.svg":["packages/pay_android/assets/zh/subscribe_with_light.svg"],"packages/pay_android/assets/zh/view_in_dark.svg":["packages/pay_android/assets/zh/view_in_dark.svg"],"packages/pay_android/assets/zh/view_in_light.svg":["packages/pay_android/assets/zh/view_in_light.svg"],"packages/pay_platform_interface/pubspec.yaml":["packages/pay_platform_interface/pubspec.yaml"]}