{
  "provider": "google_pay",
  "data": {
    "environment": "TEST",
    "apiVersion": 2,
    "apiVersionMinor": 0,
    "allowedPaymentMethods": [{
      "type": "CARD",
      "tokenizationSpecification": {
        "type": "PAYMENT_GATEWAY",
        "parameters": {
          "gateway": "stripe",
          "stripe:version": "2020-08-27",
          "stripe:publishableKey":"pk_test_51JeDvZSAwISYFcalR1QQW5xv8StM2aJSGfWhmvieajeaWclp8l3MfXtL1uzdSMbjR4AzJwdxNl0My0im8EAjwwhx0073VKZcmV"
        }
      },
      "parameters": {
        "allowedCardNetworks": ["VISA", "MASTERCARD"],
        "allowedAuthMethods": ["PAN_ONLY", "CRYPTOGRAM_3DS"],
        "billingAddressRequired": false,
        "billingAddressParameters": {
          "format": "FULL",
          "phoneNumberRequired": true
        }
      }
    }],
    "merchantInfo": {
      "merchantId": "BCR2DN6T262ZPAB4",
      "merchantName": "Vaibhav Mali"
    },
    "transactionInfo": {
      "countryCode": "US",
      "currencyCode": "USD"
    }
  }
}